validator,fpr,tpr,auc
GNN Anomaly Detector,0.0,0.0,0.9479799666110185
GNN Anomaly Detector,0.0,0.09515859766277128,0.9479799666110185
GNN Anomaly Detector,0.0,0.09682804674457429,0.9479799666110185
GNN Anomaly Detector,0.0004166666666666667,0.09682804674457429,0.9479799666110185
GNN Anomaly Detector,0.0004166666666666667,0.11018363939899833,0.9479799666110185
GNN Anomaly Detector,0.00125,0.11018363939899833,0.9479799666110185
GNN Anomaly Detector,0.00125,0.11185308848080133,0.9479799666110185
GNN Anomaly Detector,0.0016666666666666668,0.11185308848080133,0.9479799666110185
GNN Anomaly Detector,0.0016666666666666668,0.11686143572621036,0.9479799666110185
GNN Anomaly Detector,0.0020833333333333333,0.11686143572621036,0.9479799666110185
GNN Anomaly Detector,0.0020833333333333333,0.12020033388981637,0.9479799666110185
GNN Anomaly Detector,0.0033333333333333335,0.12020033388981637,0.9479799666110185
GNN Anomaly Detector,0.0033333333333333335,0.12353923205342238,0.9479799666110185
GNN Anomaly Detector,0.00375,0.12353923205342238,0.9479799666110185
GNN Anomaly Detector,0.00375,0.1285475792988314,0.9479799666110185
GNN Anomaly Detector,0.004166666666666667,0.1285475792988314,0.9479799666110185
GNN Anomaly Detector,0.004166666666666667,0.1335559265442404,0.9479799666110185
GNN Anomaly Detector,0.004583333333333333,0.1335559265442404,0.9479799666110185
GNN Anomaly Detector,0.004583333333333333,0.1352253756260434,0.9479799666110185
GNN Anomaly Detector,0.005,0.1352253756260434,0.9479799666110185
GNN Anomaly Detector,0.005,0.14524207011686144,0.9479799666110185
GNN Anomaly Detector,0.005416666666666667,0.14524207011686144,0.9479799666110185
GNN Anomaly Detector,0.005416666666666667,0.14691151919866444,0.9479799666110185
GNN Anomaly Detector,0.005833333333333334,0.14691151919866444,0.9479799666110185
GNN Anomaly Detector,0.005833333333333334,0.15358931552587646,0.9479799666110185
GNN Anomaly Detector,0.00625,0.15358931552587646,0.9479799666110185
GNN Anomaly Detector,0.00625,0.17362270450751252,0.9479799666110185
GNN Anomaly Detector,0.006666666666666667,0.17362270450751252,0.9479799666110185
GNN Anomaly Detector,0.006666666666666667,0.20868113522537562,0.9479799666110185
GNN Anomaly Detector,0.007083333333333333,0.20868113522537562,0.9479799666110185
GNN Anomaly Detector,0.007083333333333333,0.21869782971619364,0.9479799666110185
GNN Anomaly Detector,0.0075,0.21869782971619364,0.9479799666110185
GNN Anomaly Detector,0.0075,0.2370617696160267,0.9479799666110185
GNN Anomaly Detector,0.007916666666666667,0.2370617696160267,0.9479799666110185
GNN Anomaly Detector,0.007916666666666667,0.25208681135225375,0.9479799666110185
GNN Anomaly Detector,0.008333333333333333,0.25208681135225375,0.9479799666110185
GNN Anomaly Detector,0.008333333333333333,0.25375626043405675,0.9479799666110185
GNN Anomaly Detector,0.009166666666666667,0.25375626043405675,0.9479799666110185
GNN Anomaly Detector,0.009166666666666667,0.2604340567612688,0.9479799666110185
GNN Anomaly Detector,0.01,0.2604340567612688,0.9479799666110185
GNN Anomaly Detector,0.01,0.2671118530884808,0.9479799666110185
GNN Anomaly Detector,0.010833333333333334,0.2671118530884808,0.9479799666110185
GNN Anomaly Detector,0.010833333333333334,0.27378964941569284,0.9479799666110185
GNN Anomaly Detector,0.01125,0.27378964941569284,0.9479799666110185
GNN Anomaly Detector,0.01125,0.2838063439065108,0.9479799666110185
GNN Anomaly Detector,0.011666666666666667,0.2838063439065108,0.9479799666110185
GNN Anomaly Detector,0.011666666666666667,0.2854757929883139,0.9479799666110185
GNN Anomaly Detector,0.012083333333333333,0.2854757929883139,0.9479799666110185
GNN Anomaly Detector,0.012083333333333333,0.2938230383973289,0.9479799666110185
GNN Anomaly Detector,0.0125,0.2938230383973289,0.9479799666110185
GNN Anomaly Detector,0.0125,0.3021702838063439,0.9479799666110185
GNN Anomaly Detector,0.012916666666666667,0.3021702838063439,0.9479799666110185
GNN Anomaly Detector,0.012916666666666667,0.3071786310517529,0.9479799666110185
GNN Anomaly Detector,0.013333333333333334,0.3071786310517529,0.9479799666110185
GNN Anomaly Detector,0.013333333333333334,0.3105175292153589,0.9479799666110185
GNN Anomaly Detector,0.014166666666666666,0.3105175292153589,0.9479799666110185
GNN Anomaly Detector,0.014166666666666666,0.3121869782971619,0.9479799666110185
GNN Anomaly Detector,0.014583333333333334,0.3121869782971619,0.9479799666110185
GNN Anomaly Detector,0.014583333333333334,0.31385642737896496,0.9479799666110185
GNN Anomaly Detector,0.015416666666666667,0.31385642737896496,0.9479799666110185
GNN Anomaly Detector,0.015416666666666667,0.32387312186978295,0.9479799666110185
GNN Anomaly Detector,0.017083333333333332,0.32387312186978295,0.9479799666110185
GNN Anomaly Detector,0.017083333333333332,0.335559265442404,0.9479799666110185
GNN Anomaly Detector,0.017916666666666668,0.335559265442404,0.9479799666110185
GNN Anomaly Detector,0.017916666666666668,0.337228714524207,0.9479799666110185
GNN Anomaly Detector,0.018333333333333333,0.337228714524207,0.9479799666110185
GNN Anomaly Detector,0.018333333333333333,0.33889816360601,0.9479799666110185
GNN Anomaly Detector,0.01875,0.33889816360601,0.9479799666110185
GNN Anomaly Detector,0.01875,0.34390651085141904,0.9479799666110185
GNN Anomaly Detector,0.019166666666666665,0.34390651085141904,0.9479799666110185
GNN Anomaly Detector,0.019166666666666665,0.35225375626043404,0.9479799666110185
GNN Anomaly Detector,0.019583333333333335,0.35225375626043404,0.9479799666110185
GNN Anomaly Detector,0.019583333333333335,0.35392320534223703,0.9479799666110185
GNN Anomaly Detector,0.02,0.35392320534223703,0.9479799666110185
GNN Anomaly Detector,0.02,0.3622704507512521,0.9479799666110185
GNN Anomaly Detector,0.020416666666666666,0.3622704507512521,0.9479799666110185
GNN Anomaly Detector,0.020416666666666666,0.3806343906510851,0.9479799666110185
GNN Anomaly Detector,0.020833333333333332,0.3806343906510851,0.9479799666110185
GNN Anomaly Detector,0.020833333333333332,0.38397328881469117,0.9479799666110185
GNN Anomaly Detector,0.02125,0.38397328881469117,0.9479799666110185
GNN Anomaly Detector,0.02125,0.39065108514190316,0.9479799666110185
GNN Anomaly Detector,0.021666666666666667,0.39065108514190316,0.9479799666110185
GNN Anomaly Detector,0.021666666666666667,0.41068447412353926,0.9479799666110185
GNN Anomaly Detector,0.022083333333333333,0.41068447412353926,0.9479799666110185
GNN Anomaly Detector,0.022083333333333333,0.42237061769616024,0.9479799666110185
GNN Anomaly Detector,0.0225,0.42237061769616024,0.9479799666110185
GNN Anomaly Detector,0.0225,0.4307178631051753,0.9479799666110185
GNN Anomaly Detector,0.02375,0.4307178631051753,0.9479799666110185
GNN Anomaly Detector,0.02375,0.4340567612687813,0.9479799666110185
GNN Anomaly Detector,0.024166666666666666,0.4340567612687813,0.9479799666110185
GNN Anomaly Detector,0.024166666666666666,0.4657762938230384,0.9479799666110185
GNN Anomaly Detector,0.025,0.4657762938230384,0.9479799666110185
GNN Anomaly Detector,0.025,0.4691151919866444,0.9479799666110185
GNN Anomaly Detector,0.025416666666666667,0.4691151919866444,0.9479799666110185
GNN Anomaly Detector,0.025416666666666667,0.48080133555926546,0.9479799666110185
GNN Anomaly Detector,0.025833333333333333,0.48080133555926546,0.9479799666110185
GNN Anomaly Detector,0.025833333333333333,0.48414023372287146,0.9479799666110185
GNN Anomaly Detector,0.02625,0.48414023372287146,0.9479799666110185
GNN Anomaly Detector,0.02625,0.48580968280467446,0.9479799666110185
GNN Anomaly Detector,0.02666666666666667,0.48580968280467446,0.9479799666110185
GNN Anomaly Detector,0.02666666666666667,0.48914858096828046,0.9479799666110185
GNN Anomaly Detector,0.027083333333333334,0.48914858096828046,0.9479799666110185
GNN Anomaly Detector,0.027083333333333334,0.49248747913188645,0.9479799666110185
GNN Anomaly Detector,0.0275,0.49248747913188645,0.9479799666110185
GNN Anomaly Detector,0.0275,0.5058430717863105,0.9479799666110185
GNN Anomaly Detector,0.027916666666666666,0.5058430717863105,0.9479799666110185
GNN Anomaly Detector,0.027916666666666666,0.5075125208681135,0.9479799666110185
GNN Anomaly Detector,0.028333333333333332,0.5075125208681135,0.9479799666110185
GNN Anomaly Detector,0.028333333333333332,0.5125208681135225,0.9479799666110185
GNN Anomaly Detector,0.02875,0.5125208681135225,0.9479799666110185
GNN Anomaly Detector,0.02875,0.5141903171953256,0.9479799666110185
GNN Anomaly Detector,0.029166666666666667,0.5141903171953256,0.9479799666110185
GNN Anomaly Detector,0.029166666666666667,0.5191986644407346,0.9479799666110185
GNN Anomaly Detector,0.029583333333333333,0.5191986644407346,0.9479799666110185
GNN Anomaly Detector,0.029583333333333333,0.5325542570951586,0.9479799666110185
GNN Anomaly Detector,0.03,0.5325542570951586,0.9479799666110185
GNN Anomaly Detector,0.03,0.5492487479131887,0.9479799666110185
GNN Anomaly Detector,0.030416666666666668,0.5492487479131887,0.9479799666110185
GNN Anomaly Detector,0.030416666666666668,0.5542570951585977,0.9479799666110185
GNN Anomaly Detector,0.030833333333333334,0.5542570951585977,0.9479799666110185
GNN Anomaly Detector,0.030833333333333334,0.5559265442404007,0.9479799666110185
GNN Anomaly Detector,0.03125,0.5559265442404007,0.9479799666110185
GNN Anomaly Detector,0.03125,0.5592654424040067,0.9479799666110185
GNN Anomaly Detector,0.03208333333333333,0.5592654424040067,0.9479799666110185
GNN Anomaly Detector,0.03208333333333333,0.5626043405676127,0.9479799666110185
GNN Anomaly Detector,0.0325,0.5626043405676127,0.9479799666110185
GNN Anomaly Detector,0.0325,0.5676126878130217,0.9479799666110185
GNN Anomaly Detector,0.032916666666666664,0.5676126878130217,0.9479799666110185
GNN Anomaly Detector,0.032916666666666664,0.5726210350584308,0.9479799666110185
GNN Anomaly Detector,0.034583333333333334,0.5726210350584308,0.9479799666110185
GNN Anomaly Detector,0.034583333333333334,0.5742904841402338,0.9479799666110185
GNN Anomaly Detector,0.035,0.5742904841402338,0.9479799666110185
GNN Anomaly Detector,0.035,0.5776293823038398,0.9479799666110185
GNN Anomaly Detector,0.037083333333333336,0.5776293823038398,0.9479799666110185
GNN Anomaly Detector,0.037083333333333336,0.5792988313856428,0.9479799666110185
GNN Anomaly Detector,0.0375,0.5792988313856428,0.9479799666110185
GNN Anomaly Detector,0.0375,0.5809682804674458,0.9479799666110185
GNN Anomaly Detector,0.03875,0.5809682804674458,0.9479799666110185
GNN Anomaly Detector,0.03875,0.5859766277128547,0.9479799666110185
GNN Anomaly Detector,0.03916666666666667,0.5859766277128547,0.9479799666110185
GNN Anomaly Detector,0.03916666666666667,0.5893155258764607,0.9479799666110185
GNN Anomaly Detector,0.04,0.5893155258764607,0.9479799666110185
GNN Anomaly Detector,0.04041666666666666,0.5893155258764607,0.9479799666110185
GNN Anomaly Detector,0.04041666666666666,0.5926544240400667,0.9479799666110185
GNN Anomaly Detector,0.04083333333333333,0.5926544240400667,0.9479799666110185
GNN Anomaly Detector,0.04083333333333333,0.6010016694490818,0.9479799666110185
GNN Anomaly Detector,0.04125,0.6010016694490818,0.9479799666110185
GNN Anomaly Detector,0.04125,0.6076794657762938,0.9479799666110185
GNN Anomaly Detector,0.042083333333333334,0.6076794657762938,0.9479799666110185
GNN Anomaly Detector,0.042083333333333334,0.6110183639398998,0.9479799666110185
GNN Anomaly Detector,0.0425,0.6110183639398998,0.9479799666110185
GNN Anomaly Detector,0.0425,0.6176961602671118,0.9479799666110185
GNN Anomaly Detector,0.042916666666666665,0.6176961602671118,0.9479799666110185
GNN Anomaly Detector,0.042916666666666665,0.6193656093489148,0.9479799666110185
GNN Anomaly Detector,0.043333333333333335,0.6193656093489148,0.9479799666110185
GNN Anomaly Detector,0.043333333333333335,0.6277128547579299,0.9479799666110185
GNN Anomaly Detector,0.04375,0.6277128547579299,0.9479799666110185
GNN Anomaly Detector,0.04375,0.6327212020033389,0.9479799666110185
GNN Anomaly Detector,0.04416666666666667,0.6327212020033389,0.9479799666110185
GNN Anomaly Detector,0.04416666666666667,0.6360601001669449,0.9479799666110185
GNN Anomaly Detector,0.044583333333333336,0.6360601001669449,0.9479799666110185
GNN Anomaly Detector,0.044583333333333336,0.6393989983305509,0.9479799666110185
GNN Anomaly Detector,0.045,0.6393989983305509,0.9479799666110185
GNN Anomaly Detector,0.045,0.6410684474123539,0.9479799666110185
GNN Anomaly Detector,0.04541666666666667,0.6410684474123539,0.9479799666110185
GNN Anomaly Detector,0.04541666666666667,0.6427378964941569,0.9479799666110185
GNN Anomaly Detector,0.04583333333333333,0.6427378964941569,0.9479799666110185
GNN Anomaly Detector,0.04583333333333333,0.6444073455759599,0.9479799666110185
GNN Anomaly Detector,0.04625,0.6444073455759599,0.9479799666110185
GNN Anomaly Detector,0.04625,0.6460767946577629,0.9479799666110185
GNN Anomaly Detector,0.04708333333333333,0.6460767946577629,0.9479799666110185
GNN Anomaly Detector,0.04708333333333333,0.6477462437395659,0.9479799666110185
GNN Anomaly Detector,0.04875,0.6477462437395659,0.9479799666110185
GNN Anomaly Detector,0.04875,0.6494156928213689,0.9479799666110185
GNN Anomaly Detector,0.04958333333333333,0.6494156928213689,0.9479799666110185
GNN Anomaly Detector,0.04958333333333333,0.6527545909849749,0.9479799666110185
GNN Anomaly Detector,0.05,0.6527545909849749,0.9479799666110185
GNN Anomaly Detector,0.05,0.656093489148581,0.9479799666110185
GNN Anomaly Detector,0.050833333333333335,0.656093489148581,0.9479799666110185
GNN Anomaly Detector,0.050833333333333335,0.662771285475793,0.9479799666110185
GNN Anomaly Detector,0.05125,0.662771285475793,0.9479799666110185
GNN Anomaly Detector,0.05125,0.664440734557596,0.9479799666110185
GNN Anomaly Detector,0.052083333333333336,0.664440734557596,0.9479799666110185
GNN Anomaly Detector,0.052083333333333336,0.666110183639399,0.9479799666110185
GNN Anomaly Detector,0.05291666666666667,0.666110183639399,0.9479799666110185
GNN Anomaly Detector,0.05291666666666667,0.667779632721202,0.9479799666110185
GNN Anomaly Detector,0.05333333333333334,0.667779632721202,0.9479799666110185
GNN Anomaly Detector,0.05333333333333334,0.672787979966611,0.9479799666110185
GNN Anomaly Detector,0.05375,0.672787979966611,0.9479799666110185
GNN Anomaly Detector,0.05375,0.679465776293823,0.9479799666110185
GNN Anomaly Detector,0.05458333333333333,0.679465776293823,0.9479799666110185
GNN Anomaly Detector,0.05458333333333333,0.6828046744574291,0.9479799666110185
GNN Anomaly Detector,0.05541666666666667,0.6828046744574291,0.9479799666110185
GNN Anomaly Detector,0.05541666666666667,0.6878130217028381,0.9479799666110185
GNN Anomaly Detector,0.056666666666666664,0.6878130217028381,0.9479799666110185
GNN Anomaly Detector,0.056666666666666664,0.6911519198664441,0.9479799666110185
GNN Anomaly Detector,0.05708333333333333,0.6911519198664441,0.9479799666110185
GNN Anomaly Detector,0.05708333333333333,0.6928213689482471,0.9479799666110185
GNN Anomaly Detector,0.057916666666666665,0.6928213689482471,0.9479799666110185
GNN Anomaly Detector,0.057916666666666665,0.6978297161936561,0.9479799666110185
GNN Anomaly Detector,0.059166666666666666,0.6978297161936561,0.9479799666110185
GNN Anomaly Detector,0.059166666666666666,0.7011686143572621,0.9479799666110185
GNN Anomaly Detector,0.059583333333333335,0.7011686143572621,0.9479799666110185
GNN Anomaly Detector,0.059583333333333335,0.7145242070116862,0.9479799666110185
GNN Anomaly Detector,0.060833333333333336,0.7145242070116862,0.9479799666110185
GNN Anomaly Detector,0.060833333333333336,0.7212020033388982,0.9479799666110185
GNN Anomaly Detector,0.06125,0.7212020033388982,0.9479799666110185
GNN Anomaly Detector,0.06125,0.7228714524207012,0.9479799666110185
GNN Anomaly Detector,0.06166666666666667,0.7228714524207012,0.9479799666110185
GNN Anomaly Detector,0.06166666666666667,0.7245409015025042,0.9479799666110185
GNN Anomaly Detector,0.06416666666666666,0.7245409015025042,0.9479799666110185
GNN Anomaly Detector,0.06416666666666666,0.7295492487479132,0.9479799666110185
GNN Anomaly Detector,0.065,0.7295492487479132,0.9479799666110185
GNN Anomaly Detector,0.065,0.7345575959933222,0.9479799666110185
GNN Anomaly Detector,0.06583333333333333,0.7345575959933222,0.9479799666110185
GNN Anomaly Detector,0.06583333333333333,0.7395659432387313,0.9479799666110185
GNN Anomaly Detector,0.06625,0.7395659432387313,0.9479799666110185
GNN Anomaly Detector,0.06625,0.7429048414023373,0.9479799666110185
GNN Anomaly Detector,0.06666666666666667,0.7429048414023373,0.9479799666110185
GNN Anomaly Detector,0.06666666666666667,0.7512520868113522,0.9479799666110185
GNN Anomaly Detector,0.06708333333333333,0.7512520868113522,0.9479799666110185
GNN Anomaly Detector,0.06708333333333333,0.7545909849749582,0.9479799666110185
GNN Anomaly Detector,0.06833333333333333,0.7545909849749582,0.9479799666110185
GNN Anomaly Detector,0.06833333333333333,0.7579298831385642,0.9479799666110185
GNN Anomaly Detector,0.06875,0.7579298831385642,0.9479799666110185
GNN Anomaly Detector,0.06875,0.7595993322203672,0.9479799666110185
GNN Anomaly Detector,0.06958333333333333,0.7595993322203672,0.9479799666110185
GNN Anomaly Detector,0.06958333333333333,0.7646076794657763,0.9479799666110185
GNN Anomaly Detector,0.07,0.7646076794657763,0.9479799666110185
GNN Anomaly Detector,0.07,0.7696160267111853,0.9479799666110185
GNN Anomaly Detector,0.07125,0.7696160267111853,0.9479799666110185
GNN Anomaly Detector,0.07125,0.7729549248747913,0.9479799666110185
GNN Anomaly Detector,0.07166666666666667,0.7729549248747913,0.9479799666110185
GNN Anomaly Detector,0.07166666666666667,0.7813021702838063,0.9479799666110185
GNN Anomaly Detector,0.07208333333333333,0.7813021702838063,0.9479799666110185
GNN Anomaly Detector,0.07208333333333333,0.7846410684474123,0.9479799666110185
GNN Anomaly Detector,0.0725,0.7846410684474123,0.9479799666110185
GNN Anomaly Detector,0.0725,0.7946577629382304,0.9479799666110185
GNN Anomaly Detector,0.07333333333333333,0.7946577629382304,0.9479799666110185
GNN Anomaly Detector,0.07333333333333333,0.7963272120200334,0.9479799666110185
GNN Anomaly Detector,0.07375,0.7963272120200334,0.9479799666110185
GNN Anomaly Detector,0.07375,0.8046744574290484,0.9479799666110185
GNN Anomaly Detector,0.07416666666666667,0.8046744574290484,0.9479799666110185
GNN Anomaly Detector,0.07416666666666667,0.8063439065108514,0.9479799666110185
GNN Anomaly Detector,0.07458333333333333,0.8063439065108514,0.9479799666110185
GNN Anomaly Detector,0.07458333333333333,0.8130217028380634,0.9479799666110185
GNN Anomaly Detector,0.075,0.8130217028380634,0.9479799666110185
GNN Anomaly Detector,0.075,0.8146911519198664,0.9479799666110185
GNN Anomaly Detector,0.07583333333333334,0.8146911519198664,0.9479799666110185
GNN Anomaly Detector,0.07583333333333334,0.8230383973288815,0.9479799666110185
GNN Anomaly Detector,0.07666666666666666,0.8230383973288815,0.9479799666110185
GNN Anomaly Detector,0.07666666666666666,0.8247078464106845,0.9479799666110185
GNN Anomaly Detector,0.07708333333333334,0.8247078464106845,0.9479799666110185
GNN Anomaly Detector,0.07708333333333334,0.8313856427378965,0.9479799666110185
GNN Anomaly Detector,0.0775,0.8313856427378965,0.9479799666110185
GNN Anomaly Detector,0.0775,0.8380634390651085,0.9479799666110185
GNN Anomaly Detector,0.07791666666666666,0.8380634390651085,0.9479799666110185
GNN Anomaly Detector,0.07791666666666666,0.8414023372287145,0.9479799666110185
GNN Anomaly Detector,0.07833333333333334,0.8414023372287145,0.9479799666110185
GNN Anomaly Detector,0.07833333333333334,0.8447412353923205,0.9479799666110185
GNN Anomaly Detector,0.07875,0.8447412353923205,0.9479799666110185
GNN Anomaly Detector,0.07875,0.8614357262103506,0.9479799666110185
GNN Anomaly Detector,0.07916666666666666,0.8614357262103506,0.9479799666110185
GNN Anomaly Detector,0.07916666666666666,0.8647746243739566,0.9479799666110185
GNN Anomaly Detector,0.07958333333333334,0.8647746243739566,0.9479799666110185
GNN Anomaly Detector,0.07958333333333334,0.8681135225375626,0.9479799666110185
GNN Anomaly Detector,0.08083333333333333,0.8681135225375626,0.9479799666110185
GNN Anomaly Detector,0.08083333333333333,0.8714524207011686,0.9479799666110185
GNN Anomaly Detector,0.08166666666666667,0.8714524207011686,0.9479799666110185
GNN Anomaly Detector,0.08166666666666667,0.8731218697829716,0.9479799666110185
GNN Anomaly Detector,0.0825,0.8731218697829716,0.9479799666110185
GNN Anomaly Detector,0.0825,0.8764607679465777,0.9479799666110185
GNN Anomaly Detector,0.08291666666666667,0.8764607679465777,0.9479799666110185
GNN Anomaly Detector,0.08291666666666667,0.8797996661101837,0.9479799666110185
GNN Anomaly Detector,0.08375,0.8797996661101837,0.9479799666110185
GNN Anomaly Detector,0.08375,0.8814691151919867,0.9479799666110185
GNN Anomaly Detector,0.08416666666666667,0.8814691151919867,0.9479799666110185
GNN Anomaly Detector,0.08416666666666667,0.8831385642737897,0.9479799666110185
GNN Anomaly Detector,0.085,0.8831385642737897,0.9479799666110185
GNN Anomaly Detector,0.085,0.8864774624373957,0.9479799666110185
GNN Anomaly Detector,0.08583333333333333,0.8864774624373957,0.9479799666110185
GNN Anomaly Detector,0.08583333333333333,0.9015025041736227,0.9479799666110185
GNN Anomaly Detector,0.0875,0.9015025041736227,0.9479799666110185
GNN Anomaly Detector,0.0875,0.9081803005008348,0.9479799666110185
GNN Anomaly Detector,0.08833333333333333,0.9081803005008348,0.9479799666110185
GNN Anomaly Detector,0.08833333333333333,0.9131886477462438,0.9479799666110185
GNN Anomaly Detector,0.08958333333333333,0.9131886477462438,0.9479799666110185
GNN Anomaly Detector,0.08958333333333333,0.9181969949916527,0.9479799666110185
GNN Anomaly Detector,0.09,0.9181969949916527,0.9479799666110185
GNN Anomaly Detector,0.09,0.9198664440734557,0.9479799666110185
GNN Anomaly Detector,0.09041666666666667,0.9198664440734557,0.9479799666110185
GNN Anomaly Detector,0.09041666666666667,0.9215358931552587,0.9479799666110185
GNN Anomaly Detector,0.09291666666666666,0.9215358931552587,0.9479799666110185
GNN Anomaly Detector,0.09291666666666666,0.9265442404006677,0.9479799666110185
GNN Anomaly Detector,0.09375,0.9265442404006677,0.9479799666110185
GNN Anomaly Detector,0.09375,0.9282136894824707,0.9479799666110185
GNN Anomaly Detector,0.09416666666666666,0.9282136894824707,0.9479799666110185
GNN Anomaly Detector,0.09416666666666666,0.9332220367278798,0.9479799666110185
GNN Anomaly Detector,0.09666666666666666,0.9332220367278798,0.9479799666110185
GNN Anomaly Detector,0.09666666666666666,0.9348914858096828,0.9479799666110185
GNN Anomaly Detector,0.09916666666666667,0.9348914858096828,0.9479799666110185
GNN Anomaly Detector,0.09916666666666667,0.9398998330550918,0.9479799666110185
GNN Anomaly Detector,0.09958333333333333,0.9398998330550918,0.9479799666110185
GNN Anomaly Detector,0.09958333333333333,0.9432387312186978,0.9479799666110185
GNN Anomaly Detector,0.1,0.9432387312186978,0.9479799666110185
GNN Anomaly Detector,0.1,0.9449081803005008,0.9479799666110185
GNN Anomaly Detector,0.10041666666666667,0.9449081803005008,0.9479799666110185
GNN Anomaly Detector,0.10041666666666667,0.9465776293823038,0.9479799666110185
GNN Anomaly Detector,0.10166666666666667,0.9465776293823038,0.9479799666110185
GNN Anomaly Detector,0.10166666666666667,0.9482470784641068,0.9479799666110185
GNN Anomaly Detector,0.10291666666666667,0.9482470784641068,0.9479799666110185
GNN Anomaly Detector,0.10291666666666667,0.9515859766277128,0.9479799666110185
GNN Anomaly Detector,0.10416666666666667,0.9515859766277128,0.9479799666110185
GNN Anomaly Detector,0.10416666666666667,0.9549248747913188,0.9479799666110185
GNN Anomaly Detector,0.10458333333333333,0.9549248747913188,0.9479799666110185
GNN Anomaly Detector,0.10458333333333333,0.9565943238731218,0.9479799666110185
GNN Anomaly Detector,0.10541666666666667,0.9565943238731218,0.9479799666110185
GNN Anomaly Detector,0.10541666666666667,0.9582637729549248,0.9479799666110185
GNN Anomaly Detector,0.10791666666666666,0.9582637729549248,0.9479799666110185
GNN Anomaly Detector,0.10791666666666666,0.9599332220367279,0.9479799666110185
GNN Anomaly Detector,0.10875,0.9599332220367279,0.9479799666110185
GNN Anomaly Detector,0.10875,0.9616026711185309,0.9479799666110185
GNN Anomaly Detector,0.12375,0.9616026711185309,0.9479799666110185
GNN Anomaly Detector,0.12458333333333334,0.9616026711185309,0.9479799666110185
GNN Anomaly Detector,0.17083333333333334,0.9616026711185309,0.9479799666110185
GNN Anomaly Detector,0.17083333333333334,0.9632721202003339,0.9479799666110185
GNN Anomaly Detector,0.18833333333333332,0.9632721202003339,0.9479799666110185
GNN Anomaly Detector,0.18916666666666668,0.9632721202003339,0.9479799666110185
GNN Anomaly Detector,0.19166666666666668,0.9632721202003339,0.9479799666110185
GNN Anomaly Detector,0.19166666666666668,0.9649415692821369,0.9479799666110185
GNN Anomaly Detector,0.19375,0.9649415692821369,0.9479799666110185
GNN Anomaly Detector,0.19375,0.9666110183639399,0.9479799666110185
GNN Anomaly Detector,0.20916666666666667,0.9666110183639399,0.9479799666110185
GNN Anomaly Detector,0.20916666666666667,0.9682804674457429,0.9479799666110185
GNN Anomaly Detector,0.22291666666666668,0.9682804674457429,0.9479799666110185
GNN Anomaly Detector,0.22291666666666668,0.9699499165275459,0.9479799666110185
GNN Anomaly Detector,0.26458333333333334,0.9699499165275459,0.9479799666110185
GNN Anomaly Detector,0.2654166666666667,0.9699499165275459,0.9479799666110185
GNN Anomaly Detector,0.2683333333333333,0.9699499165275459,0.9479799666110185
GNN Anomaly Detector,0.2683333333333333,0.9716193656093489,0.9479799666110185
GNN Anomaly Detector,0.2925,0.9716193656093489,0.9479799666110185
GNN Anomaly Detector,0.29333333333333333,0.9716193656093489,0.9479799666110185
GNN Anomaly Detector,0.3070833333333333,0.9716193656093489,0.9479799666110185
GNN Anomaly Detector,0.3070833333333333,0.9732888146911519,0.9479799666110185
GNN Anomaly Detector,0.33625,0.9732888146911519,0.9479799666110185
GNN Anomaly Detector,0.33708333333333335,0.9732888146911519,0.9479799666110185
GNN Anomaly Detector,0.3745833333333333,0.9732888146911519,0.9479799666110185
GNN Anomaly Detector,0.3745833333333333,0.9749582637729549,0.9479799666110185
GNN Anomaly Detector,0.3933333333333333,0.9749582637729549,0.9479799666110185
GNN Anomaly Detector,0.39416666666666667,0.9749582637729549,0.9479799666110185
GNN Anomaly Detector,0.4083333333333333,0.9749582637729549,0.9479799666110185
GNN Anomaly Detector,0.4083333333333333,0.9766277128547579,0.9479799666110185
GNN Anomaly Detector,0.42083333333333334,0.9766277128547579,0.9479799666110185
GNN Anomaly Detector,0.42083333333333334,0.9782971619365609,0.9479799666110185
GNN Anomaly Detector,0.4270833333333333,0.9782971619365609,0.9479799666110185
GNN Anomaly Detector,0.4270833333333333,0.9799666110183639,0.9479799666110185
GNN Anomaly Detector,0.42833333333333334,0.9799666110183639,0.9479799666110185
GNN Anomaly Detector,0.42833333333333334,0.9816360601001669,0.9479799666110185
GNN Anomaly Detector,0.48125,0.9816360601001669,0.9479799666110185
GNN Anomaly Detector,0.48125,0.9833055091819699,0.9479799666110185
GNN Anomaly Detector,0.4825,0.9833055091819699,0.9479799666110185
GNN Anomaly Detector,0.48333333333333334,0.9833055091819699,0.9479799666110185
GNN Anomaly Detector,0.4979166666666667,0.9833055091819699,0.9479799666110185
GNN Anomaly Detector,0.4979166666666667,0.9849749582637729,0.9479799666110185
GNN Anomaly Detector,0.51625,0.9849749582637729,0.9479799666110185
GNN Anomaly Detector,0.51625,0.986644407345576,0.9479799666110185
GNN Anomaly Detector,0.5295833333333333,0.986644407345576,0.9479799666110185
GNN Anomaly Detector,0.5295833333333333,0.988313856427379,0.9479799666110185
GNN Anomaly Detector,0.5320833333333334,0.988313856427379,0.9479799666110185
GNN Anomaly Detector,0.5329166666666667,0.988313856427379,0.9479799666110185
GNN Anomaly Detector,0.5345833333333333,0.988313856427379,0.9479799666110185
GNN Anomaly Detector,0.5345833333333333,0.989983305509182,0.9479799666110185
GNN Anomaly Detector,0.6016666666666667,0.989983305509182,0.9479799666110185
GNN Anomaly Detector,0.6025,0.989983305509182,0.9479799666110185
GNN Anomaly Detector,0.6079166666666667,0.989983305509182,0.9479799666110185
GNN Anomaly Detector,0.6079166666666667,0.991652754590985,0.9479799666110185
GNN Anomaly Detector,0.6108333333333333,0.991652754590985,0.9479799666110185
GNN Anomaly Detector,0.6116666666666667,0.991652754590985,0.9479799666110185
GNN Anomaly Detector,0.6158333333333333,0.991652754590985,0.9479799666110185
GNN Anomaly Detector,0.6166666666666667,0.991652754590985,0.9479799666110185
GNN Anomaly Detector,0.6470833333333333,0.991652754590985,0.9479799666110185
GNN Anomaly Detector,0.6470833333333333,0.993322203672788,0.9479799666110185
GNN Anomaly Detector,0.70625,0.993322203672788,0.9479799666110185
GNN Anomaly Detector,0.7070833333333333,0.993322203672788,0.9479799666110185
GNN Anomaly Detector,0.7195833333333334,0.993322203672788,0.9479799666110185
GNN Anomaly Detector,0.7195833333333334,0.994991652754591,0.9479799666110185
GNN Anomaly Detector,0.7466666666666667,0.994991652754591,0.9479799666110185
GNN Anomaly Detector,0.7475,0.994991652754591,0.9479799666110185
GNN Anomaly Detector,0.7491666666666666,0.994991652754591,0.9479799666110185
GNN Anomaly Detector,0.75,0.994991652754591,0.9479799666110185
GNN Anomaly Detector,0.7508333333333334,0.994991652754591,0.9479799666110185
GNN Anomaly Detector,0.7508333333333334,0.996661101836394,0.9479799666110185
GNN Anomaly Detector,0.8166666666666667,0.996661101836394,0.9479799666110185
GNN Anomaly Detector,0.8175,0.996661101836394,0.9479799666110185
GNN Anomaly Detector,0.8241666666666667,0.996661101836394,0.9479799666110185
GNN Anomaly Detector,0.8241666666666667,0.998330550918197,0.9479799666110185
GNN Anomaly Detector,0.8858333333333334,0.998330550918197,0.9479799666110185
GNN Anomaly Detector,0.8858333333333334,1.0,0.9479799666110185
GNN Anomaly Detector,1.0,1.0,0.9479799666110185
Path Plausibility,0.0,0.0,0.9882971619365609
Path Plausibility,0.0,0.001669449081803005,0.9882971619365609
Path Plausibility,0.0,0.6026711185308848,0.9882971619365609
Path Plausibility,0.0,0.6060100166944908,0.9882971619365609
Path Plausibility,0.0,0.6360601001669449,0.9882971619365609
Path Plausibility,0.0,0.6410684474123539,0.9882971619365609
Path Plausibility,0.0,0.66110183639399,0.9882971619365609
Path Plausibility,0.0,0.664440734557596,0.9882971619365609
Path Plausibility,0.0,0.7078464106844741,0.9882971619365609
Path Plausibility,0.0,0.7161936560934892,0.9882971619365609
Path Plausibility,0.0,0.7262103505843072,0.9882971619365609
Path Plausibility,0.0004166666666666667,0.7262103505843072,0.9882971619365609
Path Plausibility,0.0004166666666666667,0.7378964941569283,0.9882971619365609
Path Plausibility,0.0008333333333333334,0.7378964941569283,0.9882971619365609
Path Plausibility,0.0008333333333333334,0.7395659432387313,0.9882971619365609
Path Plausibility,0.00125,0.7395659432387313,0.9882971619365609
Path Plausibility,0.00125,0.7429048414023373,0.9882971619365609
Path Plausibility,0.0016666666666666668,0.7429048414023373,0.9882971619365609
Path Plausibility,0.0016666666666666668,0.7462437395659433,0.9882971619365609
Path Plausibility,0.0025,0.7462437395659433,0.9882971619365609
Path Plausibility,0.0025,0.7512520868113522,0.9882971619365609
Path Plausibility,0.002916666666666667,0.7512520868113522,0.9882971619365609
Path Plausibility,0.002916666666666667,0.7863105175292153,0.9882971619365609
Path Plausibility,0.00375,0.7863105175292153,0.9882971619365609
Path Plausibility,0.00375,0.7946577629382304,0.9882971619365609
Path Plausibility,0.004166666666666667,0.7946577629382304,0.9882971619365609
Path Plausibility,0.004166666666666667,0.8030050083472454,0.9882971619365609
Path Plausibility,0.004583333333333333,0.8030050083472454,0.9882971619365609
Path Plausibility,0.004583333333333333,0.8113522537562604,0.9882971619365609
Path Plausibility,0.005,0.8113522537562604,0.9882971619365609
Path Plausibility,0.005,0.8146911519198664,0.9882971619365609
Path Plausibility,0.005416666666666667,0.8146911519198664,0.9882971619365609
Path Plausibility,0.005416666666666667,0.8313856427378965,0.9882971619365609
Path Plausibility,0.00625,0.8313856427378965,0.9882971619365609
Path Plausibility,0.00625,0.8330550918196995,0.9882971619365609
Path Plausibility,0.007083333333333333,0.8330550918196995,0.9882971619365609
Path Plausibility,0.007083333333333333,0.8363939899833055,0.9882971619365609
Path Plausibility,0.0075,0.8363939899833055,0.9882971619365609
Path Plausibility,0.0075,0.8380634390651085,0.9882971619365609
Path Plausibility,0.007916666666666667,0.8380634390651085,0.9882971619365609
Path Plausibility,0.007916666666666667,0.8447412353923205,0.9882971619365609
Path Plausibility,0.008333333333333333,0.8447412353923205,0.9882971619365609
Path Plausibility,0.008333333333333333,0.8497495826377296,0.9882971619365609
Path Plausibility,0.00875,0.8497495826377296,0.9882971619365609
Path Plausibility,0.00875,0.8547579298831386,0.9882971619365609
Path Plausibility,0.009166666666666667,0.8547579298831386,0.9882971619365609
Path Plausibility,0.009166666666666667,0.8631051752921536,0.9882971619365609
Path Plausibility,0.01,0.8631051752921536,0.9882971619365609
Path Plausibility,0.01,0.8664440734557596,0.9882971619365609
Path Plausibility,0.010416666666666666,0.8664440734557596,0.9882971619365609
Path Plausibility,0.010416666666666666,0.8731218697829716,0.9882971619365609
Path Plausibility,0.010833333333333334,0.8731218697829716,0.9882971619365609
Path Plausibility,0.010833333333333334,0.8747913188647746,0.9882971619365609
Path Plausibility,0.01125,0.8747913188647746,0.9882971619365609
Path Plausibility,0.01125,0.8764607679465777,0.9882971619365609
Path Plausibility,0.011666666666666667,0.8764607679465777,0.9882971619365609
Path Plausibility,0.011666666666666667,0.8781302170283807,0.9882971619365609
Path Plausibility,0.01375,0.8781302170283807,0.9882971619365609
Path Plausibility,0.01375,0.8797996661101837,0.9882971619365609
Path Plausibility,0.014166666666666666,0.8797996661101837,0.9882971619365609
Path Plausibility,0.014166666666666666,0.8814691151919867,0.9882971619365609
Path Plausibility,0.014583333333333334,0.8814691151919867,0.9882971619365609
Path Plausibility,0.014583333333333334,0.8864774624373957,0.9882971619365609
Path Plausibility,0.015,0.8864774624373957,0.9882971619365609
Path Plausibility,0.015,0.8881469115191987,0.9882971619365609
Path Plausibility,0.015416666666666667,0.8881469115191987,0.9882971619365609
Path Plausibility,0.015416666666666667,0.8898163606010017,0.9882971619365609
Path Plausibility,0.015833333333333335,0.8898163606010017,0.9882971619365609
Path Plausibility,0.015833333333333335,0.8914858096828047,0.9882971619365609
Path Plausibility,0.018333333333333333,0.8914858096828047,0.9882971619365609
Path Plausibility,0.018333333333333333,0.8948247078464107,0.9882971619365609
Path Plausibility,0.023333333333333334,0.8948247078464107,0.9882971619365609
Path Plausibility,0.023333333333333334,0.8964941569282137,0.9882971619365609
Path Plausibility,0.025833333333333333,0.8964941569282137,0.9882971619365609
Path Plausibility,0.025833333333333333,0.8981636060100167,0.9882971619365609
Path Plausibility,0.03208333333333333,0.8981636060100167,0.9882971619365609
Path Plausibility,0.03208333333333333,0.8998330550918197,0.9882971619365609
Path Plausibility,0.0375,0.8998330550918197,0.9882971619365609
Path Plausibility,0.0375,0.9015025041736227,0.9882971619365609
Path Plausibility,0.03833333333333333,0.9015025041736227,0.9882971619365609
Path Plausibility,0.03833333333333333,0.9031719532554258,0.9882971619365609
Path Plausibility,0.04041666666666666,0.9031719532554258,0.9882971619365609
Path Plausibility,0.04041666666666666,0.9048414023372288,0.9882971619365609
Path Plausibility,0.04125,0.9048414023372288,0.9882971619365609
Path Plausibility,0.04125,0.9065108514190318,0.9882971619365609
Path Plausibility,0.042916666666666665,0.9065108514190318,0.9882971619365609
Path Plausibility,0.042916666666666665,0.9081803005008348,0.9882971619365609
Path Plausibility,0.04375,0.9081803005008348,0.9882971619365609
Path Plausibility,0.04375,0.9098497495826378,0.9882971619365609
Path Plausibility,0.044583333333333336,0.9098497495826378,0.9882971619365609
Path Plausibility,0.044583333333333336,0.9115191986644408,0.9882971619365609
Path Plausibility,0.04708333333333333,0.9115191986644408,0.9882971619365609
Path Plausibility,0.04708333333333333,0.9181969949916527,0.9882971619365609
Path Plausibility,0.04875,0.9181969949916527,0.9882971619365609
Path Plausibility,0.04875,0.9215358931552587,0.9882971619365609
Path Plausibility,0.050416666666666665,0.9215358931552587,0.9882971619365609
Path Plausibility,0.050416666666666665,0.9232053422370617,0.9882971619365609
Path Plausibility,0.050833333333333335,0.9232053422370617,0.9882971619365609
Path Plausibility,0.050833333333333335,0.9248747913188647,0.9882971619365609
Path Plausibility,0.05125,0.9248747913188647,0.9882971619365609
Path Plausibility,0.05125,0.9282136894824707,0.9882971619365609
Path Plausibility,0.05708333333333333,0.9282136894824707,0.9882971619365609
Path Plausibility,0.05708333333333333,0.9315525876460768,0.9882971619365609
Path Plausibility,0.057916666666666665,0.9315525876460768,0.9882971619365609
Path Plausibility,0.057916666666666665,0.9348914858096828,0.9882971619365609
Path Plausibility,0.058333333333333334,0.9348914858096828,0.9882971619365609
Path Plausibility,0.058333333333333334,0.9382303839732888,0.9882971619365609
Path Plausibility,0.05875,0.9382303839732888,0.9882971619365609
Path Plausibility,0.05875,0.9398998330550918,0.9882971619365609
Path Plausibility,0.059583333333333335,0.9398998330550918,0.9882971619365609
Path Plausibility,0.059583333333333335,0.9415692821368948,0.9882971619365609
Path Plausibility,0.06125,0.9415692821368948,0.9882971619365609
Path Plausibility,0.06125,0.9432387312186978,0.9882971619365609
Path Plausibility,0.06541666666666666,0.9432387312186978,0.9882971619365609
Path Plausibility,0.06541666666666666,0.9465776293823038,0.9882971619365609
Path Plausibility,0.06583333333333333,0.9465776293823038,0.9882971619365609
Path Plausibility,0.06583333333333333,0.9499165275459098,0.9882971619365609
Path Plausibility,0.06625,0.9499165275459098,0.9882971619365609
Path Plausibility,0.06625,0.9532554257095158,0.9882971619365609
Path Plausibility,0.06875,0.9532554257095158,0.9882971619365609
Path Plausibility,0.06875,0.9549248747913188,0.9882971619365609
Path Plausibility,0.07208333333333333,0.9549248747913188,0.9882971619365609
Path Plausibility,0.07208333333333333,0.9565943238731218,0.9882971619365609
Path Plausibility,0.07333333333333333,0.9565943238731218,0.9882971619365609
Path Plausibility,0.07333333333333333,0.9582637729549248,0.9882971619365609
Path Plausibility,0.075,0.9582637729549248,0.9882971619365609
Path Plausibility,0.075,0.9599332220367279,0.9882971619365609
Path Plausibility,0.08166666666666667,0.9599332220367279,0.9882971619365609
Path Plausibility,0.0825,0.9599332220367279,0.9882971619365609
Path Plausibility,0.0825,0.9616026711185309,0.9882971619365609
Path Plausibility,0.09083333333333334,0.9616026711185309,0.9882971619365609
Path Plausibility,0.09083333333333334,0.9632721202003339,0.9882971619365609
Path Plausibility,0.09333333333333334,0.9632721202003339,0.9882971619365609
Path Plausibility,0.09333333333333334,0.9666110183639399,0.9882971619365609
Path Plausibility,0.095,0.9666110183639399,0.9882971619365609
Path Plausibility,0.095,0.9682804674457429,0.9882971619365609
Path Plausibility,0.1,0.9682804674457429,0.9882971619365609
Path Plausibility,0.1,0.9699499165275459,0.9882971619365609
Path Plausibility,0.10208333333333333,0.9699499165275459,0.9882971619365609
Path Plausibility,0.10208333333333333,0.9716193656093489,0.9882971619365609
Path Plausibility,0.12208333333333334,0.9716193656093489,0.9882971619365609
Path Plausibility,0.12208333333333334,0.9732888146911519,0.9882971619365609
Path Plausibility,0.125,0.9732888146911519,0.9882971619365609
Path Plausibility,0.125,0.9749582637729549,0.9882971619365609
Path Plausibility,0.12958333333333333,0.9749582637729549,0.9882971619365609
Path Plausibility,0.12958333333333333,0.9782971619365609,0.9882971619365609
Path Plausibility,0.13416666666666666,0.9782971619365609,0.9882971619365609
Path Plausibility,0.13416666666666666,0.9799666110183639,0.9882971619365609
Path Plausibility,0.15958333333333333,0.9799666110183639,0.9882971619365609
Path Plausibility,0.15958333333333333,0.9816360601001669,0.9882971619365609
Path Plausibility,0.16333333333333333,0.9816360601001669,0.9882971619365609
Path Plausibility,0.16333333333333333,0.9833055091819699,0.9882971619365609
Path Plausibility,0.16708333333333333,0.9833055091819699,0.9882971619365609
Path Plausibility,0.16708333333333333,0.9849749582637729,0.9882971619365609
Path Plausibility,0.18125,0.9849749582637729,0.9882971619365609
Path Plausibility,0.18125,0.986644407345576,0.9882971619365609
Path Plausibility,0.20041666666666666,0.986644407345576,0.9882971619365609
Path Plausibility,0.20041666666666666,0.988313856427379,0.9882971619365609
Path Plausibility,0.20875,0.988313856427379,0.9882971619365609
Path Plausibility,0.20875,0.989983305509182,0.9882971619365609
Path Plausibility,0.21833333333333332,0.989983305509182,0.9882971619365609
Path Plausibility,0.21833333333333332,0.991652754590985,0.9882971619365609
Path Plausibility,0.24458333333333335,0.991652754590985,0.9882971619365609
Path Plausibility,0.24458333333333335,0.993322203672788,0.9882971619365609
Path Plausibility,0.26916666666666667,0.993322203672788,0.9882971619365609
Path Plausibility,0.26916666666666667,0.994991652754591,0.9882971619365609
Path Plausibility,0.33625,0.994991652754591,0.9882971619365609
Path Plausibility,0.33625,0.996661101836394,0.9882971619365609
Path Plausibility,0.3625,0.996661101836394,0.9882971619365609
Path Plausibility,0.3625,0.998330550918197,0.9882971619365609
Path Plausibility,0.505,0.998330550918197,0.9882971619365609
Path Plausibility,0.5058333333333334,0.998330550918197,0.9882971619365609
Path Plausibility,0.5195833333333333,0.998330550918197,0.9882971619365609
Path Plausibility,0.5195833333333333,1.0,0.9882971619365609
Path Plausibility,0.5733333333333334,1.0,0.9882971619365609
Path Plausibility,0.5741666666666667,1.0,0.9882971619365609
Path Plausibility,0.9675,1.0,0.9882971619365609
Path Plausibility,0.9683333333333334,1.0,0.9882971619365609
Path Plausibility,1.0,1.0,0.9882971619365609
